ypos,xpos,value,char
9,1,0, 
8,1,0, 
7,1,0, 
6,1,0, 
5,1,0, 
4,1,0, 
3,1,0, 
2,1,0, 
1,1,0, 
9,2,0, 
8,2,0, 
7,2,0, 
6,2,0, 
5,2,0, 
4,2,0, 
3,2,0, 
2,2,0, 
1,2,0, 
9,3,0, 
8,3,0, 
7,3,0, 
6,3,0, 
5,3,0, 
4,3,0, 
3,3,0, 
2,3,0, 
1,3,0, 
9,4,0, 
8,4,0, 
7,4,0, 
6,4,0, 
5,4,0, 
4,4,0, 
3,4,0, 
2,4,0, 
1,4,0, 
9,5,0, 
8,5,0, 
7,5,0, 
6,5,0, 
5,5,0, 
4,5,0, 
3,5,0, 
2,5,0, 
1,5,0, 
9,6,0, 
8,6,0, 
7,6,0, 
6,6,0, 
5,6,0, 
4,6,0, 
3,6,0, 
2,6,0, 
1,6,0, 
9,1,0,A
8,1,1,A
7,1,1,A
6,1,1,A
5,1,1,A
4,1,1,A
3,1,1,A
2,1,0,A
1,1,0,A
9,2,1,A
8,2,0,A
7,2,0,A
6,2,0,A
5,2,1,A
4,2,0,A
3,2,0,A
2,2,0,A
1,2,0,A
9,3,1,A
8,3,0,A
7,3,0,A
6,3,0,A
5,3,1,A
4,3,0,A
3,3,0,A
2,3,0,A
1,3,0,A
9,4,1,A
8,4,0,A
7,4,0,A
6,4,0,A
5,4,1,A
4,4,0,A
3,4,0,A
2,4,0,A
1,4,0,A
9,5,0,A
8,5,1,A
7,5,1,A
6,5,1,A
5,5,1,A
4,5,1,A
3,5,1,A
2,5,0,A
1,5,0,A
9,6,0,A
8,6,0,A
7,6,0,A
6,6,0,A
5,6,0,A
4,6,0,A
3,6,0,A
2,6,0,A
1,6,0,A
9,1,1,B
8,1,1,B
7,1,1,B
6,1,1,B
5,1,1,B
4,1,1,B
3,1,1,B
2,1,0,B
1,1,0,B
9,2,1,B
8,2,0,B
7,2,0,B
6,2,1,B
5,2,0,B
4,2,0,B
3,2,1,B
2,2,0,B
1,2,0,B
9,3,1,B
8,3,0,B
7,3,0,B
6,3,1,B
5,3,0,B
4,3,0,B
3,3,1,B
2,3,0,B
1,3,0,B
9,4,1,B
8,4,0,B
7,4,0,B
6,4,1,B
5,4,0,B
4,4,0,B
3,4,1,B
2,4,0,B
1,4,0,B
9,5,0,B
8,5,1,B
7,5,1,B
6,5,0,B
5,5,1,B
4,5,1,B
3,5,0,B
2,5,0,B
1,5,0,B
9,6,0,B
8,6,0,B
7,6,0,B
6,6,0,B
5,6,0,B
4,6,0,B
3,6,0,B
2,6,0,B
1,6,0,B
9,1,0,C
8,1,1,C
7,1,1,C
6,1,1,C
5,1,1,C
4,1,1,C
3,1,0,C
2,1,0,C
1,1,0,C
9,2,1,C
8,2,0,C
7,2,0,C
6,2,0,C
5,2,0,C
4,2,0,C
3,2,1,C
2,2,0,C
1,2,0,C
9,3,1,C
8,3,0,C
7,3,0,C
6,3,0,C
5,3,0,C
4,3,0,C
3,3,1,C
2,3,0,C
1,3,0,C
9,4,1,C
8,4,0,C
7,4,0,C
6,4,0,C
5,4,0,C
4,4,0,C
3,4,1,C
2,4,0,C
1,4,0,C
9,5,0,C
8,5,1,C
7,5,0,C
6,5,0,C
5,5,0,C
4,5,1,C
3,5,0,C
2,5,0,C
1,5,0,C
9,6,0,C
8,6,0,C
7,6,0,C
6,6,0,C
5,6,0,C
4,6,0,C
3,6,0,C
2,6,0,C
1,6,0,C
9,1,1,D
8,1,1,D
7,1,1,D
6,1,1,D
5,1,1,D
4,1,1,D
3,1,1,D
2,1,0,D
1,1,0,D
9,2,1,D
8,2,0,D
7,2,0,D
6,2,0,D
5,2,0,D
4,2,0,D
3,2,1,D
2,2,0,D
1,2,0,D
9,3,1,D
8,3,0,D
7,3,0,D
6,3,0,D
5,3,0,D
4,3,0,D
3,3,1,D
2,3,0,D
1,3,0,D
9,4,1,D
8,4,0,D
7,4,0,D
6,4,0,D
5,4,0,D
4,4,0,D
3,4,1,D
2,4,0,D
1,4,0,D
9,5,0,D
8,5,1,D
7,5,1,D
6,5,1,D
5,5,1,D
4,5,1,D
3,5,0,D
2,5,0,D
1,5,0,D
9,6,0,D
8,6,0,D
7,6,0,D
6,6,0,D
5,6,0,D
4,6,0,D
3,6,0,D
2,6,0,D
1,6,0,D
9,1,1,E
8,1,1,E
7,1,1,E
6,1,1,E
5,1,1,E
4,1,1,E
3,1,1,E
2,1,0,E
1,1,0,E
9,2,1,E
8,2,0,E
7,2,0,E
6,2,1,E
5,2,0,E
4,2,0,E
3,2,1,E
2,2,0,E
1,2,0,E
9,3,1,E
8,3,0,E
7,3,0,E
6,3,1,E
5,3,0,E
4,3,0,E
3,3,1,E
2,3,0,E
1,3,0,E
9,4,1,E
8,4,0,E
7,4,0,E
6,4,1,E
5,4,0,E
4,4,0,E
3,4,1,E
2,4,0,E
1,4,0,E
9,5,1,E
8,5,0,E
7,5,0,E
6,5,0,E
5,5,0,E
4,5,0,E
3,5,1,E
2,5,0,E
1,5,0,E
9,6,0,E
8,6,0,E
7,6,0,E
6,6,0,E
5,6,0,E
4,6,0,E
3,6,0,E
2,6,0,E
1,6,0,E
9,1,1,F
8,1,1,F
7,1,1,F
6,1,1,F
5,1,1,F
4,1,1,F
3,1,1,F
2,1,0,F
1,1,0,F
9,2,1,F
8,2,0,F
7,2,0,F
6,2,1,F
5,2,0,F
4,2,0,F
3,2,0,F
2,2,0,F
1,2,0,F
9,3,1,F
8,3,0,F
7,3,0,F
6,3,1,F
5,3,0,F
4,3,0,F
3,3,0,F
2,3,0,F
1,3,0,F
9,4,1,F
8,4,0,F
7,4,0,F
6,4,1,F
5,4,0,F
4,4,0,F
3,4,0,F
2,4,0,F
1,4,0,F
9,5,1,F
8,5,0,F
7,5,0,F
6,5,0,F
5,5,0,F
4,5,0,F
3,5,0,F
2,5,0,F
1,5,0,F
9,6,0,F
8,6,0,F
7,6,0,F
6,6,0,F
5,6,0,F
4,6,0,F
3,6,0,F
2,6,0,F
1,6,0,F
9,1,0,G
8,1,1,G
7,1,1,G
6,1,1,G
5,1,1,G
4,1,1,G
3,1,0,G
2,1,0,G
1,1,0,G
9,2,1,G
8,2,0,G
7,2,0,G
6,2,0,G
5,2,0,G
4,2,0,G
3,2,1,G
2,2,0,G
1,2,0,G
9,3,1,G
8,3,0,G
7,3,0,G
6,3,0,G
5,3,0,G
4,3,0,G
3,3,1,G
2,3,0,G
1,3,0,G
9,4,1,G
8,4,0,G
7,4,0,G
6,4,0,G
5,4,1,G
4,4,0,G
3,4,1,G
2,4,0,G
1,4,0,G
9,5,0,G
8,5,1,G
7,5,0,G
6,5,0,G
5,5,1,G
4,5,1,G
3,5,1,G
2,5,0,G
1,5,0,G
9,6,0,G
8,6,0,G
7,6,0,G
6,6,0,G
5,6,0,G
4,6,0,G
3,6,0,G
2,6,0,G
1,6,0,G
9,1,1,H
8,1,1,H
7,1,1,H
6,1,1,H
5,1,1,H
4,1,1,H
3,1,1,H
2,1,0,H
1,1,0,H
9,2,0,H
8,2,0,H
7,2,0,H
6,2,1,H
5,2,0,H
4,2,0,H
3,2,0,H
2,2,0,H
1,2,0,H
9,3,0,H
8,3,0,H
7,3,0,H
6,3,1,H
5,3,0,H
4,3,0,H
3,3,0,H
2,3,0,H
1,3,0,H
9,4,0,H
8,4,0,H
7,4,0,H
6,4,1,H
5,4,0,H
4,4,0,H
3,4,0,H
2,4,0,H
1,4,0,H
9,5,1,H
8,5,1,H
7,5,1,H
6,5,1,H
5,5,1,H
4,5,1,H
3,5,1,H
2,5,0,H
1,5,0,H
9,6,0,H
8,6,0,H
7,6,0,H
6,6,0,H
5,6,0,H
4,6,0,H
3,6,0,H
2,6,0,H
1,6,0,H
9,1,1,I
8,1,0,I
7,1,0,I
6,1,0,I
5,1,0,I
4,1,0,I
3,1,1,I
2,1,0,I
1,1,0,I
9,2,1,I
8,2,0,I
7,2,0,I
6,2,0,I
5,2,0,I
4,2,0,I
3,2,1,I
2,2,0,I
1,2,0,I
9,3,1,I
8,3,1,I
7,3,1,I
6,3,1,I
5,3,1,I
4,3,1,I
3,3,1,I
2,3,0,I
1,3,0,I
9,4,1,I
8,4,0,I
7,4,0,I
6,4,0,I
5,4,0,I
4,4,0,I
3,4,1,I
2,4,0,I
1,4,0,I
9,5,1,I
8,5,0,I
7,5,0,I
6,5,0,I
5,5,0,I
4,5,0,I
3,5,1,I
2,5,0,I
1,5,0,I
9,6,0,I
8,6,0,I
7,6,0,I
6,6,0,I
5,6,0,I
4,6,0,I
3,6,0,I
2,6,0,I
1,6,0,I
9,1,1,J
8,1,0,J
7,1,0,J
6,1,0,J
5,1,0,J
4,1,1,J
3,1,0,J
2,1,0,J
1,1,0,J
9,2,1,J
8,2,0,J
7,2,0,J
6,2,0,J
5,2,0,J
4,2,0,J
3,2,1,J
2,2,0,J
1,2,0,J
9,3,1,J
8,3,0,J
7,3,0,J
6,3,0,J
5,3,0,J
4,3,0,J
3,3,1,J
2,3,0,J
1,3,0,J
9,4,1,J
8,4,1,J
7,4,1,J
6,4,1,J
5,4,1,J
4,4,1,J
3,4,0,J
2,4,0,J
1,4,0,J
9,5,0,J
8,5,0,J
7,5,0,J
6,5,0,J
5,5,0,J
4,5,0,J
3,5,0,J
2,5,0,J
1,5,0,J
9,6,0,J
8,6,0,J
7,6,0,J
6,6,0,J
5,6,0,J
4,6,0,J
3,6,0,J
2,6,0,J
1,6,0,J
9,1,1,K
8,1,1,K
7,1,1,K
6,1,1,K
5,1,1,K
4,1,1,K
3,1,1,K
2,1,0,K
1,1,0,K
9,2,0,K
8,2,0,K
7,2,0,K
6,2,1,K
5,2,0,K
4,2,0,K
3,2,0,K
2,2,0,K
1,2,0,K
9,3,0,K
8,3,0,K
7,3,0,K
6,3,1,K
5,3,0,K
4,3,0,K
3,3,0,K
2,3,0,K
1,3,0,K
9,4,0,K
8,4,0,K
7,4,1,K
6,4,0,K
5,4,1,K
4,4,0,K
3,4,0,K
2,4,0,K
1,4,0,K
9,5,1,K
8,5,1,K
7,5,0,K
6,5,0,K
5,5,0,K
4,5,1,K
3,5,1,K
2,5,0,K
1,5,0,K
9,6,0,K
8,6,0,K
7,6,0,K
6,6,0,K
5,6,0,K
4,6,0,K
3,6,0,K
2,6,0,K
1,6,0,K
9,1,1,L
8,1,1,L
7,1,1,L
6,1,1,L
5,1,1,L
4,1,1,L
3,1,1,L
2,1,0,L
1,1,0,L
9,2,0,L
8,2,0,L
7,2,0,L
6,2,0,L
5,2,0,L
4,2,0,L
3,2,1,L
2,2,0,L
1,2,0,L
9,3,0,L
8,3,0,L
7,3,0,L
6,3,0,L
5,3,0,L
4,3,0,L
3,3,1,L
2,3,0,L
1,3,0,L
9,4,0,L
8,4,0,L
7,4,0,L
6,4,0,L
5,4,0,L
4,4,0,L
3,4,1,L
2,4,0,L
1,4,0,L
9,5,0,L
8,5,0,L
7,5,0,L
6,5,0,L
5,5,0,L
4,5,0,L
3,5,1,L
2,5,0,L
1,5,0,L
9,6,0,L
8,6,0,L
7,6,0,L
6,6,0,L
5,6,0,L
4,6,0,L
3,6,0,L
2,6,0,L
1,6,0,L
9,1,1,M
8,1,1,M
7,1,1,M
6,1,1,M
5,1,1,M
4,1,1,M
3,1,1,M
2,1,0,M
1,1,0,M
9,2,0,M
8,2,1,M
7,2,1,M
6,2,0,M
5,2,0,M
4,2,0,M
3,2,0,M
2,2,0,M
1,2,0,M
9,3,0,M
8,3,0,M
7,3,0,M
6,3,1,M
5,3,1,M
4,3,0,M
3,3,0,M
2,3,0,M
1,3,0,M
9,4,0,M
8,4,1,M
7,4,1,M
6,4,0,M
5,4,0,M
4,4,0,M
3,4,0,M
2,4,0,M
1,4,0,M
9,5,1,M
8,5,1,M
7,5,1,M
6,5,1,M
5,5,1,M
4,5,1,M
3,5,1,M
2,5,0,M
1,5,0,M
9,6,0,M
8,6,0,M
7,6,0,M
6,6,0,M
5,6,0,M
4,6,0,M
3,6,0,M
2,6,0,M
1,6,0,M
9,1,1,N
8,1,1,N
7,1,1,N
6,1,1,N
5,1,1,N
4,1,1,N
3,1,1,N
2,1,0,N
1,1,0,N
9,2,0,N
8,2,1,N
7,2,0,N
6,2,0,N
5,2,0,N
4,2,0,N
3,2,0,N
2,2,0,N
1,2,0,N
9,3,0,N
8,3,0,N
7,3,1,N
6,3,1,N
5,3,0,N
4,3,0,N
3,3,0,N
2,3,0,N
1,3,0,N
9,4,0,N
8,4,0,N
7,4,0,N
6,4,0,N
5,4,1,N
4,4,0,N
3,4,0,N
2,4,0,N
1,4,0,N
9,5,1,N
8,5,1,N
7,5,1,N
6,5,1,N
5,5,1,N
4,5,1,N
3,5,1,N
2,5,0,N
1,5,0,N
9,6,0,N
8,6,0,N
7,6,0,N
6,6,0,N
5,6,0,N
4,6,0,N
3,6,0,N
2,6,0,N
1,6,0,N
9,1,0,O
8,1,1,O
7,1,1,O
6,1,1,O
5,1,1,O
4,1,1,O
3,1,0,O
2,1,0,O
1,1,0,O
9,2,1,O
8,2,0,O
7,2,0,O
6,2,0,O
5,2,0,O
4,2,0,O
3,2,1,O
2,2,0,O
1,2,0,O
9,3,1,O
8,3,0,O
7,3,0,O
6,3,0,O
5,3,0,O
4,3,0,O
3,3,1,O
2,3,0,O
1,3,0,O
9,4,1,O
8,4,0,O
7,4,0,O
6,4,0,O
5,4,0,O
4,4,0,O
3,4,1,O
2,4,0,O
1,4,0,O
9,5,0,O
8,5,1,O
7,5,1,O
6,5,1,O
5,5,1,O
4,5,1,O
3,5,0,O
2,5,0,O
1,5,0,O
9,6,0,O
8,6,0,O
7,6,0,O
6,6,0,O
5,6,0,O
4,6,0,O
3,6,0,O
2,6,0,O
1,6,0,O
9,1,1,P
8,1,1,P
7,1,1,P
6,1,1,P
5,1,1,P
4,1,1,P
3,1,1,P
2,1,0,P
1,1,0,P
9,2,1,P
8,2,0,P
7,2,0,P
6,2,0,P
5,2,1,P
4,2,0,P
3,2,0,P
2,2,0,P
1,2,0,P
9,3,1,P
8,3,0,P
7,3,0,P
6,3,0,P
5,3,1,P
4,3,0,P
3,3,0,P
2,3,0,P
1,3,0,P
9,4,1,P
8,4,0,P
7,4,0,P
6,4,0,P
5,4,1,P
4,4,0,P
3,4,0,P
2,4,0,P
1,4,0,P
9,5,0,P
8,5,1,P
7,5,1,P
6,5,1,P
5,5,0,P
4,5,0,P
3,5,0,P
2,5,0,P
1,5,0,P
9,6,0,P
8,6,0,P
7,6,0,P
6,6,0,P
5,6,0,P
4,6,0,P
3,6,0,P
2,6,0,P
1,6,0,P
9,1,0,Q
8,1,1,Q
7,1,1,Q
6,1,1,Q
5,1,1,Q
4,1,1,Q
3,1,0,Q
2,1,0,Q
1,1,0,Q
9,2,1,Q
8,2,0,Q
7,2,0,Q
6,2,0,Q
5,2,0,Q
4,2,0,Q
3,2,1,Q
2,2,0,Q
1,2,0,Q
9,3,1,Q
8,3,0,Q
7,3,0,Q
6,3,0,Q
5,3,0,Q
4,3,1,Q
3,3,1,Q
2,3,1,Q
1,3,0,Q
9,4,1,Q
8,4,0,Q
7,4,0,Q
6,4,0,Q
5,4,0,Q
4,4,0,Q
3,4,1,Q
2,4,0,Q
1,4,1,Q
9,5,0,Q
8,5,1,Q
7,5,1,Q
6,5,1,Q
5,5,1,Q
4,5,1,Q
3,5,0,Q
2,5,0,Q
1,5,0,Q
9,6,0,Q
8,6,0,Q
7,6,0,Q
6,6,0,Q
5,6,0,Q
4,6,0,Q
3,6,0,Q
2,6,0,Q
1,6,0,Q
9,1,1,R
8,1,1,R
7,1,1,R
6,1,1,R
5,1,1,R
4,1,1,R
3,1,1,R
2,1,0,R
1,1,0,R
9,2,1,R
8,2,0,R
7,2,0,R
6,2,1,R
5,2,0,R
4,2,0,R
3,2,0,R
2,2,0,R
1,2,0,R
9,3,1,R
8,3,0,R
7,3,0,R
6,3,1,R
5,3,0,R
4,3,0,R
3,3,0,R
2,3,0,R
1,3,0,R
9,4,1,R
8,4,0,R
7,4,0,R
6,4,1,R
5,4,1,R
4,4,0,R
3,4,0,R
2,4,0,R
1,4,0,R
9,5,0,R
8,5,1,R
7,5,1,R
6,5,0,R
5,5,0,R
4,5,1,R
3,5,1,R
2,5,0,R
1,5,0,R
9,6,0,R
8,6,0,R
7,6,0,R
6,6,0,R
5,6,0,R
4,6,0,R
3,6,0,R
2,6,0,R
1,6,0,R
9,1,0,S
8,1,1,S
7,1,1,S
6,1,0,S
5,1,0,S
4,1,0,S
3,1,1,S
2,1,0,S
1,1,0,S
9,2,1,S
8,2,0,S
7,2,0,S
6,2,1,S
5,2,0,S
4,2,0,S
3,2,1,S
2,2,0,S
1,2,0,S
9,3,1,S
8,3,0,S
7,3,0,S
6,3,1,S
5,3,0,S
4,3,0,S
3,3,1,S
2,3,0,S
1,3,0,S
9,4,1,S
8,4,0,S
7,4,0,S
6,4,1,S
5,4,0,S
4,4,0,S
3,4,1,S
2,4,0,S
1,4,0,S
9,5,1,S
8,5,0,S
7,5,0,S
6,5,0,S
5,5,1,S
4,5,1,S
3,5,0,S
2,5,0,S
1,5,0,S
9,6,0,S
8,6,0,S
7,6,0,S
6,6,0,S
5,6,0,S
4,6,0,S
3,6,0,S
2,6,0,S
1,6,0,S
9,1,1,T
8,1,0,T
7,1,0,T
6,1,0,T
5,1,0,T
4,1,0,T
3,1,0,T
2,1,0,T
1,1,0,T
9,2,1,T
8,2,0,T
7,2,0,T
6,2,0,T
5,2,0,T
4,2,0,T
3,2,0,T
2,2,0,T
1,2,0,T
9,3,1,T
8,3,1,T
7,3,1,T
6,3,1,T
5,3,1,T
4,3,1,T
3,3,1,T
2,3,0,T
1,3,0,T
9,4,1,T
8,4,0,T
7,4,0,T
6,4,0,T
5,4,0,T
4,4,0,T
3,4,0,T
2,4,0,T
1,4,0,T
9,5,1,T
8,5,0,T
7,5,0,T
6,5,0,T
5,5,0,T
4,5,0,T
3,5,0,T
2,5,0,T
1,5,0,T
9,6,0,T
8,6,0,T
7,6,0,T
6,6,0,T
5,6,0,T
4,6,0,T
3,6,0,T
2,6,0,T
1,6,0,T
9,1,1,U
8,1,1,U
7,1,1,U
6,1,1,U
5,1,1,U
4,1,1,U
3,1,0,U
2,1,0,U
1,1,0,U
9,2,0,U
8,2,0,U
7,2,0,U
6,2,0,U
5,2,0,U
4,2,0,U
3,2,1,U
2,2,0,U
1,2,0,U
9,3,0,U
8,3,0,U
7,3,0,U
6,3,0,U
5,3,0,U
4,3,0,U
3,3,1,U
2,3,0,U
1,3,0,U
9,4,0,U
8,4,0,U
7,4,0,U
6,4,0,U
5,4,0,U
4,4,0,U
3,4,1,U
2,4,0,U
1,4,0,U
9,5,1,U
8,5,1,U
7,5,1,U
6,5,1,U
5,5,1,U
4,5,1,U
3,5,0,U
2,5,0,U
1,5,0,U
9,6,0,U
8,6,0,U
7,6,0,U
6,6,0,U
5,6,0,U
4,6,0,U
3,6,0,U
2,6,0,U
1,6,0,U
9,1,1,V
8,1,1,V
7,1,1,V
6,1,1,V
5,1,0,V
4,1,0,V
3,1,0,V
2,1,0,V
1,1,0,V
9,2,0,V
8,2,0,V
7,2,0,V
6,2,0,V
5,2,1,V
4,2,1,V
3,2,0,V
2,2,0,V
1,2,0,V
9,3,0,V
8,3,0,V
7,3,0,V
6,3,0,V
5,3,0,V
4,3,0,V
3,3,1,V
2,3,0,V
1,3,0,V
9,4,0,V
8,4,0,V
7,4,0,V
6,4,0,V
5,4,1,V
4,4,1,V
3,4,0,V
2,4,0,V
1,4,0,V
9,5,1,V
8,5,1,V
7,5,1,V
6,5,1,V
5,5,0,V
4,5,0,V
3,5,0,V
2,5,0,V
1,5,0,V
9,6,0,V
8,6,0,V
7,6,0,V
6,6,0,V
5,6,0,V
4,6,0,V
3,6,0,V
2,6,0,V
1,6,0,V
9,1,1,W
8,1,1,W
7,1,1,W
6,1,1,W
5,1,1,W
4,1,0,W
3,1,0,W
2,1,0,W
1,1,0,W
9,2,0,W
8,2,0,W
7,2,0,W
6,2,0,W
5,2,0,W
4,2,1,W
3,2,1,W
2,2,0,W
1,2,0,W
9,3,0,W
8,3,1,W
7,3,1,W
6,3,1,W
5,3,1,W
4,3,0,W
3,3,0,W
2,3,0,W
1,3,0,W
9,4,0,W
8,4,0,W
7,4,0,W
6,4,0,W
5,4,0,W
4,4,1,W
3,4,1,W
2,4,0,W
1,4,0,W
9,5,1,W
8,5,1,W
7,5,1,W
6,5,1,W
5,5,1,W
4,5,0,W
3,5,0,W
2,5,0,W
1,5,0,W
9,6,0,W
8,6,0,W
7,6,0,W
6,6,0,W
5,6,0,W
4,6,0,W
3,6,0,W
2,6,0,W
1,6,0,W
9,1,1,X
8,1,1,X
7,1,0,X
6,1,0,X
5,1,0,X
4,1,1,X
3,1,1,X
2,1,0,X
1,1,0,X
9,2,0,X
8,2,0,X
7,2,1,X
6,2,0,X
5,2,1,X
4,2,0,X
3,2,0,X
2,2,0,X
1,2,0,X
9,3,0,X
8,3,0,X
7,3,0,X
6,3,1,X
5,3,0,X
4,3,0,X
3,3,0,X
2,3,0,X
1,3,0,X
9,4,0,X
8,4,0,X
7,4,1,X
6,4,0,X
5,4,1,X
4,4,0,X
3,4,0,X
2,4,0,X
1,4,0,X
9,5,1,X
8,5,1,X
7,5,0,X
6,5,0,X
5,5,0,X
4,5,1,X
3,5,1,X
2,5,0,X
1,5,0,X
9,6,0,X
8,6,0,X
7,6,0,X
6,6,0,X
5,6,0,X
4,6,0,X
3,6,0,X
2,6,0,X
1,6,0,X
9,1,1,Y
8,1,1,Y
7,1,1,Y
6,1,0,Y
5,1,0,Y
4,1,0,Y
3,1,0,Y
2,1,0,Y
1,1,0,Y
9,2,0,Y
8,2,0,Y
7,2,0,Y
6,2,1,Y
5,2,0,Y
4,2,0,Y
3,2,0,Y
2,2,0,Y
1,2,0,Y
9,3,0,Y
8,3,0,Y
7,3,0,Y
6,3,0,Y
5,3,1,Y
4,3,1,Y
3,3,1,Y
2,3,0,Y
1,3,0,Y
9,4,0,Y
8,4,0,Y
7,4,0,Y
6,4,1,Y
5,4,0,Y
4,4,0,Y
3,4,0,Y
2,4,0,Y
1,4,0,Y
9,5,1,Y
8,5,1,Y
7,5,1,Y
6,5,0,Y
5,5,0,Y
4,5,0,Y
3,5,0,Y
2,5,0,Y
1,5,0,Y
9,6,0,Y
8,6,0,Y
7,6,0,Y
6,6,0,Y
5,6,0,Y
4,6,0,Y
3,6,0,Y
2,6,0,Y
1,6,0,Y
9,1,1,Z
8,1,0,Z
7,1,0,Z
6,1,0,Z
5,1,0,Z
4,1,1,Z
3,1,1,Z
2,1,0,Z
1,1,0,Z
9,2,1,Z
8,2,0,Z
7,2,0,Z
6,2,0,Z
5,2,1,Z
4,2,0,Z
3,2,1,Z
2,2,0,Z
1,2,0,Z
9,3,1,Z
8,3,0,Z
7,3,0,Z
6,3,1,Z
5,3,0,Z
4,3,0,Z
3,3,1,Z
2,3,0,Z
1,3,0,Z
9,4,1,Z
8,4,0,Z
7,4,1,Z
6,4,0,Z
5,4,0,Z
4,4,0,Z
3,4,1,Z
2,4,0,Z
1,4,0,Z
9,5,1,Z
8,5,1,Z
7,5,0,Z
6,5,0,Z
5,5,0,Z
4,5,0,Z
3,5,1,Z
2,5,0,Z
1,5,0,Z
9,6,0,Z
8,6,0,Z
7,6,0,Z
6,6,0,Z
5,6,0,Z
4,6,0,Z
3,6,0,Z
2,6,0,Z
1,6,0,Z
9,1,0,a
8,1,0,a
7,1,0,a
6,1,0,a
5,1,0,a
4,1,1,a
3,1,0,a
2,1,0,a
1,1,0,a
9,2,0,a
8,2,0,a
7,2,1,a
6,2,0,a
5,2,1,a
4,2,0,a
3,2,1,a
2,2,0,a
1,2,0,a
9,3,0,a
8,3,0,a
7,3,1,a
6,3,0,a
5,3,1,a
4,3,0,a
3,3,1,a
2,3,0,a
1,3,0,a
9,4,0,a
8,4,0,a
7,4,1,a
6,4,0,a
5,4,1,a
4,4,0,a
3,4,1,a
2,4,0,a
1,4,0,a
9,5,0,a
8,5,0,a
7,5,0,a
6,5,1,a
5,5,1,a
4,5,1,a
3,5,1,a
2,5,0,a
1,5,0,a
9,6,0,a
8,6,0,a
7,6,0,a
6,6,0,a
5,6,0,a
4,6,0,a
3,6,0,a
2,6,0,a
1,6,0,a
9,1,1,b
8,1,1,b
7,1,1,b
6,1,1,b
5,1,1,b
4,1,1,b
3,1,1,b
2,1,0,b
1,1,0,b
9,2,0,b
8,2,0,b
7,2,0,b
6,2,1,b
5,2,0,b
4,2,0,b
3,2,1,b
2,2,0,b
1,2,0,b
9,3,0,b
8,3,0,b
7,3,1,b
6,3,0,b
5,3,0,b
4,3,0,b
3,3,1,b
2,3,0,b
1,3,0,b
9,4,0,b
8,4,0,b
7,4,1,b
6,4,0,b
5,4,0,b
4,4,0,b
3,4,1,b
2,4,0,b
1,4,0,b
9,5,0,b
8,5,0,b
7,5,0,b
6,5,1,b
5,5,1,b
4,5,1,b
3,5,0,b
2,5,0,b
1,5,0,b
9,6,0,b
8,6,0,b
7,6,0,b
6,6,0,b
5,6,0,b
4,6,0,b
3,6,0,b
2,6,0,b
1,6,0,b
9,1,0,c
8,1,0,c
7,1,0,c
6,1,1,c
5,1,1,c
4,1,1,c
3,1,0,c
2,1,0,c
1,1,0,c
9,2,0,c
8,2,0,c
7,2,1,c
6,2,0,c
5,2,0,c
4,2,0,c
3,2,1,c
2,2,0,c
1,2,0,c
9,3,0,c
8,3,0,c
7,3,1,c
6,3,0,c
5,3,0,c
4,3,0,c
3,3,1,c
2,3,0,c
1,3,0,c
9,4,0,c
8,4,0,c
7,4,1,c
6,4,0,c
5,4,0,c
4,4,0,c
3,4,1,c
2,4,0,c
1,4,0,c
9,5,0,c
8,5,0,c
7,5,0,c
6,5,1,c
5,5,0,c
4,5,1,c
3,5,0,c
2,5,0,c
1,5,0,c
9,6,0,c
8,6,0,c
7,6,0,c
6,6,0,c
5,6,0,c
4,6,0,c
3,6,0,c
2,6,0,c
1,6,0,c
9,1,0,d
8,1,0,d
7,1,0,d
6,1,1,d
5,1,1,d
4,1,1,d
3,1,0,d
2,1,0,d
1,1,0,d
9,2,0,d
8,2,0,d
7,2,1,d
6,2,0,d
5,2,0,d
4,2,0,d
3,2,1,d
2,2,0,d
1,2,0,d
9,3,0,d
8,3,0,d
7,3,1,d
6,3,0,d
5,3,0,d
4,3,0,d
3,3,1,d
2,3,0,d
1,3,0,d
9,4,0,d
8,4,0,d
7,4,1,d
6,4,0,d
5,4,0,d
4,4,1,d
3,4,0,d
2,4,0,d
1,4,0,d
9,5,1,d
8,5,1,d
7,5,1,d
6,5,1,d
5,5,1,d
4,5,1,d
3,5,1,d
2,5,0,d
1,5,0,d
9,6,0,d
8,6,0,d
7,6,0,d
6,6,0,d
5,6,0,d
4,6,0,d
3,6,0,d
2,6,0,d
1,6,0,d
9,1,0,e
8,1,0,e
7,1,0,e
6,1,1,e
5,1,1,e
4,1,1,e
3,1,0,e
2,1,0,e
1,1,0,e
9,2,0,e
8,2,0,e
7,2,1,e
6,2,0,e
5,2,1,e
4,2,0,e
3,2,1,e
2,2,0,e
1,2,0,e
9,3,0,e
8,3,0,e
7,3,1,e
6,3,0,e
5,3,1,e
4,3,0,e
3,3,1,e
2,3,0,e
1,3,0,e
9,4,0,e
8,4,0,e
7,4,1,e
6,4,0,e
5,4,1,e
4,4,0,e
3,4,1,e
2,4,0,e
1,4,0,e
9,5,0,e
8,5,0,e
7,5,0,e
6,5,1,e
5,5,1,e
4,5,0,e
3,5,1,e
2,5,0,e
1,5,0,e
9,6,0,e
8,6,0,e
7,6,0,e
6,6,0,e
5,6,0,e
4,6,0,e
3,6,0,e
2,6,0,e
1,6,0,e
9,1,0,f
8,1,0,f
7,1,0,f
6,1,0,f
5,1,0,f
4,1,0,f
3,1,1,f
2,1,0,f
1,1,0,f
9,2,0,f
8,2,0,f
7,2,1,f
6,2,0,f
5,2,0,f
4,2,0,f
3,2,1,f
2,2,0,f
1,2,0,f
9,3,0,f
8,3,1,f
7,3,1,f
6,3,1,f
5,3,1,f
4,3,1,f
3,3,1,f
2,3,0,f
1,3,0,f
9,4,1,f
8,4,0,f
7,4,1,f
6,4,0,f
5,4,0,f
4,4,0,f
3,4,1,f
2,4,0,f
1,4,0,f
9,5,1,f
8,5,0,f
7,5,1,f
6,5,0,f
5,5,0,f
4,5,0,f
3,5,1,f
2,5,0,f
1,5,0,f
9,6,0,f
8,6,0,f
7,6,0,f
6,6,0,f
5,6,0,f
4,6,0,f
3,6,0,f
2,6,0,f
1,6,0,f
9,1,0,g
8,1,0,g
7,1,0,g
6,1,1,g
5,1,1,g
4,1,1,g
3,1,0,g
2,1,0,g
1,1,0,g
9,2,0,g
8,2,0,g
7,2,1,g
6,2,0,g
5,2,0,g
4,2,0,g
3,2,1,g
2,2,0,g
1,2,1,g
9,3,0,g
8,3,0,g
7,3,1,g
6,3,0,g
5,3,0,g
4,3,0,g
3,3,1,g
2,3,0,g
1,3,1,g
9,4,0,g
8,4,0,g
7,4,1,g
6,4,0,g
5,4,0,g
4,4,1,g
3,4,0,g
2,4,0,g
1,4,1,g
9,5,0,g
8,5,0,g
7,5,1,g
6,5,1,g
5,5,1,g
4,5,1,g
3,5,1,g
2,5,1,g
1,5,0,g
9,6,0,g
8,6,0,g
7,6,0,g
6,6,0,g
5,6,0,g
4,6,0,g
3,6,0,g
2,6,0,g
1,6,0,g
9,1,1,h
8,1,1,h
7,1,1,h
6,1,1,h
5,1,1,h
4,1,1,h
3,1,1,h
2,1,0,h
1,1,0,h
9,2,0,h
8,2,0,h
7,2,1,h
6,2,0,h
5,2,0,h
4,2,0,h
3,2,0,h
2,2,0,h
1,2,0,h
9,3,0,h
8,3,0,h
7,3,1,h
6,3,0,h
5,3,0,h
4,3,0,h
3,3,0,h
2,3,0,h
1,3,0,h
9,4,0,h
8,4,0,h
7,4,1,h
6,4,0,h
5,4,0,h
4,4,0,h
3,4,0,h
2,4,0,h
1,4,0,h
9,5,0,h
8,5,0,h
7,5,0,h
6,5,1,h
5,5,1,h
4,5,1,h
3,5,1,h
2,5,0,h
1,5,0,h
9,6,0,h
8,6,0,h
7,6,0,h
6,6,0,h
5,6,0,h
4,6,0,h
3,6,0,h
2,6,0,h
1,6,0,h
9,1,0,i
8,1,0,i
7,1,1,i
6,1,0,i
5,1,0,i
4,1,0,i
3,1,1,i
2,1,0,i
1,1,0,i
9,2,0,i
8,2,0,i
7,2,1,i
6,2,0,i
5,2,0,i
4,2,0,i
3,2,1,i
2,2,0,i
1,2,0,i
9,3,1,i
8,3,0,i
7,3,1,i
6,3,1,i
5,3,1,i
4,3,1,i
3,3,1,i
2,3,0,i
1,3,0,i
9,4,0,i
8,4,0,i
7,4,0,i
6,4,0,i
5,4,0,i
4,4,0,i
3,4,1,i
2,4,0,i
1,4,0,i
9,5,0,i
8,5,0,i
7,5,0,i
6,5,0,i
5,5,0,i
4,5,0,i
3,5,1,i
2,5,0,i
1,5,0,i
9,6,0,i
8,6,0,i
7,6,0,i
6,6,0,i
5,6,0,i
4,6,0,i
3,6,0,i
2,6,0,i
1,6,0,i
9,1,0,j
8,1,0,j
7,1,0,j
6,1,0,j
5,1,0,j
4,1,0,j
3,1,0,j
2,1,1,j
1,1,0,j
9,2,0,j
8,2,0,j
7,2,1,j
6,2,0,j
5,2,0,j
4,2,0,j
3,2,0,j
2,2,0,j
1,2,1,j
9,3,0,j
8,3,0,j
7,3,1,j
6,3,0,j
5,3,0,j
4,3,0,j
3,3,0,j
2,3,0,j
1,3,1,j
9,4,0,j
8,4,0,j
7,4,1,j
6,4,0,j
5,4,0,j
4,4,0,j
3,4,0,j
2,4,0,j
1,4,1,j
9,5,1,j
8,5,0,j
7,5,1,j
6,5,1,j
5,5,1,j
4,5,1,j
3,5,1,j
2,5,1,j
1,5,0,j
9,6,0,j
8,6,0,j
7,6,0,j
6,6,0,j
5,6,0,j
4,6,0,j
3,6,0,j
2,6,0,j
1,6,0,j
9,1,1,k
8,1,1,k
7,1,1,k
6,1,1,k
5,1,1,k
4,1,1,k
3,1,1,k
2,1,0,k
1,1,0,k
9,2,0,k
8,2,0,k
7,2,0,k
6,2,0,k
5,2,1,k
4,2,0,k
3,2,0,k
2,2,0,k
1,2,0,k
9,3,0,k
8,3,0,k
7,3,0,k
6,3,0,k
5,3,1,k
4,3,0,k
3,3,0,k
2,3,0,k
1,3,0,k
9,4,0,k
8,4,0,k
7,4,1,k
6,4,1,k
5,4,0,k
4,4,1,k
3,4,0,k
2,4,0,k
1,4,0,k
9,5,0,k
8,5,0,k
7,5,0,k
6,5,0,k
5,5,0,k
4,5,0,k
3,5,1,k
2,5,0,k
1,5,0,k
9,6,0,k
8,6,0,k
7,6,0,k
6,6,0,k
5,6,0,k
4,6,0,k
3,6,0,k
2,6,0,k
1,6,0,k
9,1,1,l
8,1,0,l
7,1,0,l
6,1,0,l
5,1,0,l
4,1,0,l
3,1,1,l
2,1,0,l
1,1,0,l
9,2,1,l
8,2,0,l
7,2,0,l
6,2,0,l
5,2,0,l
4,2,0,l
3,2,1,l
2,2,0,l
1,2,0,l
9,3,1,l
8,3,1,l
7,3,1,l
6,3,1,l
5,3,1,l
4,3,1,l
3,3,1,l
2,3,0,l
1,3,0,l
9,4,0,l
8,4,0,l
7,4,0,l
6,4,0,l
5,4,0,l
4,4,0,l
3,4,1,l
2,4,0,l
1,4,0,l
9,5,0,l
8,5,0,l
7,5,0,l
6,5,0,l
5,5,0,l
4,5,0,l
3,5,1,l
2,5,0,l
1,5,0,l
9,6,0,l
8,6,0,l
7,6,0,l
6,6,0,l
5,6,0,l
4,6,0,l
3,6,0,l
2,6,0,l
1,6,0,l
9,1,0,m
8,1,0,m
7,1,1,m
6,1,1,m
5,1,1,m
4,1,1,m
3,1,1,m
2,1,0,m
1,1,0,m
9,2,0,m
8,2,0,m
7,2,0,m
6,2,1,m
5,2,0,m
4,2,0,m
3,2,0,m
2,2,0,m
1,2,0,m
9,3,0,m
8,3,0,m
7,3,1,m
6,3,1,m
5,3,1,m
4,3,1,m
3,3,1,m
2,3,0,m
1,3,0,m
9,4,0,m
8,4,0,m
7,4,0,m
6,4,1,m
5,4,0,m
4,4,0,m
3,4,0,m
2,4,0,m
1,4,0,m
9,5,0,m
8,5,0,m
7,5,1,m
6,5,1,m
5,5,1,m
4,5,1,m
3,5,1,m
2,5,0,m
1,5,0,m
9,6,0,m
8,6,0,m
7,6,0,m
6,6,0,m
5,6,0,m
4,6,0,m
3,6,0,m
2,6,0,m
1,6,0,m
9,1,0,n
8,1,0,n
7,1,1,n
6,1,1,n
5,1,1,n
4,1,1,n
3,1,1,n
2,1,0,n
1,1,0,n
9,2,0,n
8,2,0,n
7,2,0,n
6,2,1,n
5,2,0,n
4,2,0,n
3,2,0,n
2,2,0,n
1,2,0,n
9,3,0,n
8,3,0,n
7,3,1,n
6,3,0,n
5,3,0,n
4,3,0,n
3,3,0,n
2,3,0,n
1,3,0,n
9,4,0,n
8,4,0,n
7,4,1,n
6,4,0,n
5,4,0,n
4,4,0,n
3,4,0,n
2,4,0,n
1,4,0,n
9,5,0,n
8,5,0,n
7,5,0,n
6,5,1,n
5,5,1,n
4,5,1,n
3,5,1,n
2,5,0,n
1,5,0,n
9,6,0,n
8,6,0,n
7,6,0,n
6,6,0,n
5,6,0,n
4,6,0,n
3,6,0,n
2,6,0,n
1,6,0,n
9,1,0,o
8,1,0,o
7,1,0,o
6,1,1,o
5,1,1,o
4,1,1,o
3,1,0,o
2,1,0,o
1,1,0,o
9,2,0,o
8,2,0,o
7,2,1,o
6,2,0,o
5,2,0,o
4,2,0,o
3,2,1,o
2,2,0,o
1,2,0,o
9,3,0,o
8,3,0,o
7,3,1,o
6,3,0,o
5,3,0,o
4,3,0,o
3,3,1,o
2,3,0,o
1,3,0,o
9,4,0,o
8,4,0,o
7,4,1,o
6,4,0,o
5,4,0,o
4,4,0,o
3,4,1,o
2,4,0,o
1,4,0,o
9,5,0,o
8,5,0,o
7,5,0,o
6,5,1,o
5,5,1,o
4,5,1,o
3,5,0,o
2,5,0,o
1,5,0,o
9,6,0,o
8,6,0,o
7,6,0,o
6,6,0,o
5,6,0,o
4,6,0,o
3,6,0,o
2,6,0,o
1,6,0,o
9,1,0,p
8,1,0,p
7,1,1,p
6,1,1,p
5,1,1,p
4,1,1,p
3,1,1,p
2,1,1,p
1,1,1,p
9,2,0,p
8,2,0,p
7,2,0,p
6,2,1,p
5,2,0,p
4,2,0,p
3,2,1,p
2,2,0,p
1,2,0,p
9,3,0,p
8,3,0,p
7,3,1,p
6,3,0,p
5,3,0,p
4,3,0,p
3,3,1,p
2,3,0,p
1,3,0,p
9,4,0,p
8,4,0,p
7,4,1,p
6,4,0,p
5,4,0,p
4,4,0,p
3,4,1,p
2,4,0,p
1,4,0,p
9,5,0,p
8,5,0,p
7,5,0,p
6,5,1,p
5,5,1,p
4,5,1,p
3,5,0,p
2,5,0,p
1,5,0,p
9,6,0,p
8,6,0,p
7,6,0,p
6,6,0,p
5,6,0,p
4,6,0,p
3,6,0,p
2,6,0,p
1,6,0,p
9,1,0,q
8,1,0,q
7,1,0,q
6,1,1,q
5,1,1,q
4,1,1,q
3,1,0,q
2,1,0,q
1,1,0,q
9,2,0,q
8,2,0,q
7,2,1,q
6,2,0,q
5,2,0,q
4,2,0,q
3,2,1,q
2,2,0,q
1,2,0,q
9,3,0,q
8,3,0,q
7,3,1,q
6,3,0,q
5,3,0,q
4,3,0,q
3,3,1,q
2,3,0,q
1,3,0,q
9,4,0,q
8,4,0,q
7,4,1,q
6,4,0,q
5,4,0,q
4,4,1,q
3,4,0,q
2,4,0,q
1,4,0,q
9,5,0,q
8,5,0,q
7,5,1,q
6,5,1,q
5,5,1,q
4,5,1,q
3,5,1,q
2,5,1,q
1,5,1,q
9,6,0,q
8,6,0,q
7,6,0,q
6,6,0,q
5,6,0,q
4,6,0,q
3,6,0,q
2,6,0,q
1,6,0,q
9,1,0,r
8,1,0,r
7,1,1,r
6,1,0,r
5,1,0,r
4,1,0,r
3,1,1,r
2,1,0,r
1,1,0,r
9,2,0,r
8,2,0,r
7,2,1,r
6,2,1,r
5,2,1,r
4,2,1,r
3,2,1,r
2,2,0,r
1,2,0,r
9,3,0,r
8,3,0,r
7,3,0,r
6,3,1,r
5,3,0,r
4,3,0,r
3,3,1,r
2,3,0,r
1,3,0,r
9,4,0,r
8,4,0,r
7,4,1,r
6,4,0,r
5,4,0,r
4,4,0,r
3,4,1,r
2,4,0,r
1,4,0,r
9,5,0,r
8,5,0,r
7,5,1,r
6,5,0,r
5,5,0,r
4,5,0,r
3,5,0,r
2,5,0,r
1,5,0,r
9,6,0,r
8,6,0,r
7,6,0,r
6,6,0,r
5,6,0,r
4,6,0,r
3,6,0,r
2,6,0,r
1,6,0,r
9,1,0,s
8,1,0,s
7,1,0,s
6,1,1,s
5,1,0,s
4,1,0,s
3,1,1,s
2,1,0,s
1,1,0,s
9,2,0,s
8,2,0,s
7,2,1,s
6,2,0,s
5,2,1,s
4,2,0,s
3,2,1,s
2,2,0,s
1,2,0,s
9,3,0,s
8,3,0,s
7,3,1,s
6,3,0,s
5,3,1,s
4,3,0,s
3,3,1,s
2,3,0,s
1,3,0,s
9,4,0,s
8,4,0,s
7,4,1,s
6,4,0,s
5,4,1,s
4,4,0,s
3,4,1,s
2,4,0,s
1,4,0,s
9,5,0,s
8,5,0,s
7,5,1,s
6,5,0,s
5,5,0,s
4,5,1,s
3,5,0,s
2,5,0,s
1,5,0,s
9,6,0,s
8,6,0,s
7,6,0,s
6,6,0,s
5,6,0,s
4,6,0,s
3,6,0,s
2,6,0,s
1,6,0,s
9,1,0,t
8,1,0,t
7,1,1,t
6,1,0,t
5,1,0,t
4,1,0,t
3,1,0,t
2,1,0,t
1,1,0,t
9,2,0,t
8,2,0,t
7,2,1,t
6,2,0,t
5,2,0,t
4,2,0,t
3,2,0,t
2,2,0,t
1,2,0,t
9,3,0,t
8,3,1,t
7,3,1,t
6,3,1,t
5,3,1,t
4,3,1,t
3,3,0,t
2,3,0,t
1,3,0,t
9,4,0,t
8,4,0,t
7,4,1,t
6,4,0,t
5,4,0,t
4,4,0,t
3,4,1,t
2,4,0,t
1,4,0,t
9,5,0,t
8,5,0,t
7,5,1,t
6,5,0,t
5,5,0,t
4,5,0,t
3,5,1,t
2,5,0,t
1,5,0,t
9,6,0,t
8,6,0,t
7,6,0,t
6,6,0,t
5,6,0,t
4,6,0,t
3,6,0,t
2,6,0,t
1,6,0,t
9,1,0,u
8,1,0,u
7,1,1,u
6,1,1,u
5,1,1,u
4,1,1,u
3,1,0,u
2,1,0,u
1,1,0,u
9,2,0,u
8,2,0,u
7,2,0,u
6,2,0,u
5,2,0,u
4,2,0,u
3,2,1,u
2,2,0,u
1,2,0,u
9,3,0,u
8,3,0,u
7,3,0,u
6,3,0,u
5,3,0,u
4,3,0,u
3,3,1,u
2,3,0,u
1,3,0,u
9,4,0,u
8,4,0,u
7,4,0,u
6,4,0,u
5,4,0,u
4,4,1,u
3,4,0,u
2,4,0,u
1,4,0,u
9,5,0,u
8,5,0,u
7,5,1,u
6,5,1,u
5,5,1,u
4,5,1,u
3,5,1,u
2,5,0,u
1,5,0,u
9,6,0,u
8,6,0,u
7,6,0,u
6,6,0,u
5,6,0,u
4,6,0,u
3,6,0,u
2,6,0,u
1,6,0,u
9,1,0,v
8,1,0,v
7,1,1,v
6,1,1,v
5,1,0,v
4,1,0,v
3,1,0,v
2,1,0,v
1,1,0,v
9,2,0,v
8,2,0,v
7,2,0,v
6,2,0,v
5,2,1,v
4,2,1,v
3,2,0,v
2,2,0,v
1,2,0,v
9,3,0,v
8,3,0,v
7,3,0,v
6,3,0,v
5,3,0,v
4,3,0,v
3,3,1,v
2,3,0,v
1,3,0,v
9,4,0,v
8,4,0,v
7,4,0,v
6,4,0,v
5,4,1,v
4,4,1,v
3,4,0,v
2,4,0,v
1,4,0,v
9,5,0,v
8,5,0,v
7,5,1,v
6,5,1,v
5,5,0,v
4,5,0,v
3,5,0,v
2,5,0,v
1,5,0,v
9,6,0,v
8,6,0,v
7,6,0,v
6,6,0,v
5,6,0,v
4,6,0,v
3,6,0,v
2,6,0,v
1,6,0,v
9,1,0,w
8,1,0,w
7,1,1,w
6,1,1,w
5,1,1,w
4,1,0,w
3,1,0,w
2,1,0,w
1,1,0,w
9,2,0,w
8,2,0,w
7,2,0,w
6,2,0,w
5,2,0,w
4,2,1,w
3,2,1,w
2,2,0,w
1,2,0,w
9,3,0,w
8,3,0,w
7,3,0,w
6,3,1,w
5,3,1,w
4,3,0,w
3,3,0,w
2,3,0,w
1,3,0,w
9,4,0,w
8,4,0,w
7,4,0,w
6,4,0,w
5,4,0,w
4,4,1,w
3,4,1,w
2,4,0,w
1,4,0,w
9,5,0,w
8,5,0,w
7,5,1,w
6,5,1,w
5,5,1,w
4,5,0,w
3,5,0,w
2,5,0,w
1,5,0,w
9,6,0,w
8,6,0,w
7,6,0,w
6,6,0,w
5,6,0,w
4,6,0,w
3,6,0,w
2,6,0,w
1,6,0,w
9,1,0,x
8,1,0,x
7,1,1,x
6,1,1,x
5,1,0,x
4,1,1,x
3,1,1,x
2,1,0,x
1,1,0,x
9,2,0,x
8,2,0,x
7,2,0,x
6,2,0,x
5,2,1,x
4,2,0,x
3,2,0,x
2,2,0,x
1,2,0,x
9,3,0,x
8,3,0,x
7,3,0,x
6,3,0,x
5,3,1,x
4,3,0,x
3,3,0,x
2,3,0,x
1,3,0,x
9,4,0,x
8,4,0,x
7,4,0,x
6,4,0,x
5,4,1,x
4,4,0,x
3,4,0,x
2,4,0,x
1,4,0,x
9,5,0,x
8,5,0,x
7,5,1,x
6,5,1,x
5,5,0,x
4,5,1,x
3,5,1,x
2,5,0,x
1,5,0,x
9,6,0,x
8,6,0,x
7,6,0,x
6,6,0,x
5,6,0,x
4,6,0,x
3,6,0,x
2,6,0,x
1,6,0,x
9,1,0,y
8,1,0,y
7,1,1,y
6,1,1,y
5,1,0,y
4,1,0,y
3,1,0,y
2,1,0,y
1,1,1,y
9,2,0,y
8,2,0,y
7,2,0,y
6,2,0,y
5,2,1,y
4,2,1,y
3,2,0,y
2,2,0,y
1,2,1,y
9,3,0,y
8,3,0,y
7,3,0,y
6,3,0,y
5,3,0,y
4,3,0,y
3,3,1,y
2,3,1,y
1,3,0,y
9,4,0,y
8,4,0,y
7,4,0,y
6,4,0,y
5,4,1,y
4,4,1,y
3,4,0,y
2,4,0,y
1,4,0,y
9,5,0,y
8,5,0,y
7,5,1,y
6,5,1,y
5,5,0,y
4,5,0,y
3,5,0,y
2,5,0,y
1,5,0,y
9,6,0,y
8,6,0,y
7,6,0,y
6,6,0,y
5,6,0,y
4,6,0,y
3,6,0,y
2,6,0,y
1,6,0,y
9,1,0,z
8,1,0,z
7,1,1,z
6,1,0,z
5,1,0,z
4,1,0,z
3,1,1,z
2,1,0,z
1,1,0,z
9,2,0,z
8,2,0,z
7,2,1,z
6,2,0,z
5,2,0,z
4,2,1,z
3,2,1,z
2,2,0,z
1,2,0,z
9,3,0,z
8,3,0,z
7,3,1,z
6,3,0,z
5,3,1,z
4,3,0,z
3,3,1,z
2,3,0,z
1,3,0,z
9,4,0,z
8,4,0,z
7,4,1,z
6,4,1,z
5,4,0,z
4,4,0,z
3,4,1,z
2,4,0,z
1,4,0,z
9,5,0,z
8,5,0,z
7,5,1,z
6,5,0,z
5,5,0,z
4,5,0,z
3,5,1,z
2,5,0,z
1,5,0,z
9,6,0,z
8,6,0,z
7,6,0,z
6,6,0,z
5,6,0,z
4,6,0,z
3,6,0,z
2,6,0,z
1,6,0,z
9,1,0,1
8,1,0,1
7,1,1,1
6,1,0,1
5,1,0,1
4,1,0,1
3,1,1,1
2,1,0,1
1,1,0,1
9,2,0,1
8,2,0,1
7,2,1,1
6,2,0,1
5,2,0,1
4,2,0,1
3,2,1,1
2,2,0,1
1,2,0,1
9,3,0,1
8,3,0,1
7,3,1,1
6,3,1,1
5,3,1,1
4,3,1,1
3,3,1,1
2,3,0,1
1,3,0,1
9,4,0,1
8,4,0,1
7,4,0,1
6,4,0,1
5,4,0,1
4,4,0,1
3,4,1,1
2,4,0,1
1,4,0,1
9,5,0,1
8,5,0,1
7,5,0,1
6,5,0,1
5,5,0,1
4,5,0,1
3,5,1,1
2,5,0,1
1,5,0,1
9,6,0,1
8,6,0,1
7,6,0,1
6,6,0,1
5,6,0,1
4,6,0,1
3,6,0,1
2,6,0,1
1,6,0,1
9,1,0,2
8,1,0,2
7,1,0,2
6,1,1,2
5,1,0,2
4,1,0,2
3,1,1,2
2,1,0,2
1,1,0,2
9,2,0,2
8,2,0,2
7,2,1,2
6,2,0,2
5,2,0,2
4,2,1,2
3,2,1,2
2,2,0,2
1,2,0,2
9,3,0,2
8,3,0,2
7,3,1,2
6,3,0,2
5,3,1,2
4,3,0,2
3,3,1,2
2,3,0,2
1,3,0,2
9,4,0,2
8,4,0,2
7,4,1,2
6,4,0,2
5,4,1,2
4,4,0,2
3,4,1,2
2,4,0,2
1,4,0,2
9,5,0,2
8,5,0,2
7,5,0,2
6,5,1,2
5,5,0,2
4,5,0,2
3,5,1,2
2,5,0,2
1,5,0,2
9,6,0,2
8,6,0,2
7,6,0,2
6,6,0,2
5,6,0,2
4,6,0,2
3,6,0,2
2,6,0,2
1,6,0,2
9,1,0,3
8,1,0,3
7,1,0,3
6,1,1,3
5,1,0,3
4,1,0,3
3,1,0,3
2,1,1,3
1,1,0,3
9,2,0,3
8,2,0,3
7,2,1,3
6,2,0,3
5,2,0,3
4,2,1,3
3,2,0,3
2,2,0,3
1,2,1,3
9,3,0,3
8,3,0,3
7,3,1,3
6,3,0,3
5,3,0,3
4,3,1,3
3,3,0,3
2,3,0,3
1,3,1,3
9,4,0,3
8,4,0,3
7,4,1,3
6,4,0,3
5,4,0,3
4,4,1,3
3,4,0,3
2,4,0,3
1,4,1,3
9,5,0,3
8,5,0,3
7,5,0,3
6,5,1,3
5,5,1,3
4,5,0,3
3,5,1,3
2,5,1,3
1,5,0,3
9,6,0,3
8,6,0,3
7,6,0,3
6,6,0,3
5,6,0,3
4,6,0,3
3,6,0,3
2,6,0,3
1,6,0,3
9,1,0,4
8,1,0,4
7,1,0,4
6,1,0,4
5,1,0,4
4,1,1,4
3,1,1,4
2,1,0,4
1,1,0,4
9,2,0,4
8,2,0,4
7,2,0,4
6,2,0,4
5,2,1,4
4,2,0,4
3,2,1,4
2,2,0,4
1,2,0,4
9,3,0,4
8,3,0,4
7,3,0,4
6,3,1,4
5,3,0,4
4,3,0,4
3,3,1,4
2,3,0,4
1,3,0,4
9,4,0,4
8,4,0,4
7,4,1,4
6,4,1,4
5,4,1,4
4,4,1,4
3,4,1,4
2,4,1,4
1,4,1,4
9,5,0,4
8,5,0,4
7,5,0,4
6,5,0,4
5,5,0,4
4,5,0,4
3,5,1,4
2,5,0,4
1,5,0,4
9,6,0,4
8,6,0,4
7,6,0,4
6,6,0,4
5,6,0,4
4,6,0,4
3,6,0,4
2,6,0,4
1,6,0,4
9,1,0,5
8,1,0,5
7,1,1,5
6,1,1,5
5,1,1,5
4,1,1,5
3,1,0,5
2,1,0,5
1,1,1,5
9,2,0,5
8,2,0,5
7,2,1,5
6,2,0,5
5,2,0,5
4,2,1,5
3,2,0,5
2,2,0,5
1,2,1,5
9,3,0,5
8,3,0,5
7,3,1,5
6,3,0,5
5,3,0,5
4,3,1,5
3,3,0,5
2,3,0,5
1,3,1,5
9,4,0,5
8,4,0,5
7,4,1,5
6,4,0,5
5,4,0,5
4,4,1,5
3,4,0,5
2,4,0,5
1,4,1,5
9,5,0,5
8,5,0,5
7,5,1,5
6,5,0,5
5,5,0,5
4,5,0,5
3,5,1,5
2,5,1,5
1,5,0,5
9,6,0,5
8,6,0,5
7,6,0,5
6,6,0,5
5,6,0,5
4,6,0,5
3,6,0,5
2,6,0,5
1,6,0,5
9,1,0,6
8,1,0,6
7,1,1,6
6,1,1,6
5,1,1,6
4,1,1,6
3,1,0,6
2,1,0,6
1,1,0,6
9,2,0,6
8,2,1,6
7,2,0,6
6,2,1,6
5,2,0,6
4,2,0,6
3,2,1,6
2,2,0,6
1,2,0,6
9,3,1,6
8,3,0,6
7,3,0,6
6,3,1,6
5,3,0,6
4,3,0,6
3,3,1,6
2,3,0,6
1,3,0,6
9,4,1,6
8,4,0,6
7,4,0,6
6,4,1,6
5,4,0,6
4,4,0,6
3,4,1,6
2,4,0,6
1,4,0,6
9,5,0,6
8,5,0,6
7,5,0,6
6,5,0,6
5,5,1,6
4,5,1,6
3,5,0,6
2,5,0,6
1,5,0,6
9,6,0,6
8,6,0,6
7,6,0,6
6,6,0,6
5,6,0,6
4,6,0,6
3,6,0,6
2,6,0,6
1,6,0,6
9,1,0,7
8,1,0,7
7,1,1,7
6,1,0,7
5,1,0,7
4,1,0,7
3,1,0,7
2,1,0,7
1,1,0,7
9,2,0,7
8,2,0,7
7,2,1,7
6,2,0,7
5,2,0,7
4,2,0,7
3,2,1,7
2,2,1,7
1,2,1,7
9,3,0,7
8,3,0,7
7,3,1,7
6,3,0,7
5,3,0,7
4,3,1,7
3,3,0,7
2,3,0,7
1,3,0,7
9,4,0,7
8,4,0,7
7,4,1,7
6,4,0,7
5,4,1,7
4,4,0,7
3,4,0,7
2,4,0,7
1,4,0,7
9,5,0,7
8,5,0,7
7,5,1,7
6,5,1,7
5,5,0,7
4,5,0,7
3,5,0,7
2,5,0,7
1,5,0,7
9,6,0,7
8,6,0,7
7,6,0,7
6,6,0,7
5,6,0,7
4,6,0,7
3,6,0,7
2,6,0,7
1,6,0,7
9,1,0,8
8,1,1,8
7,1,1,8
6,1,0,8
5,1,1,8
4,1,1,8
3,1,0,8
2,1,0,8
1,1,0,8
9,2,1,8
8,2,0,8
7,2,0,8
6,2,1,8
5,2,0,8
4,2,0,8
3,2,1,8
2,2,0,8
1,2,0,8
9,3,1,8
8,3,0,8
7,3,0,8
6,3,1,8
5,3,0,8
4,3,0,8
3,3,1,8
2,3,0,8
1,3,0,8
9,4,1,8
8,4,0,8
7,4,0,8
6,4,1,8
5,4,0,8
4,4,0,8
3,4,1,8
2,4,0,8
1,4,0,8
9,5,0,8
8,5,1,8
7,5,1,8
6,5,0,8
5,5,1,8
4,5,1,8
3,5,0,8
2,5,0,8
1,5,0,8
9,6,0,8
8,6,0,8
7,6,0,8
6,6,0,8
5,6,0,8
4,6,0,8
3,6,0,8
2,6,0,8
1,6,0,8
9,1,0,9
8,1,0,9
7,1,0,9
6,1,1,9
5,1,1,9
4,1,0,9
3,1,0,9
2,1,0,9
1,1,0,9
9,2,0,9
8,2,0,9
7,2,1,9
6,2,0,9
5,2,0,9
4,2,1,9
3,2,0,9
2,2,0,9
1,2,1,9
9,3,0,9
8,3,0,9
7,3,1,9
6,3,0,9
5,3,0,9
4,3,1,9
3,3,0,9
2,3,0,9
1,3,1,9
9,4,0,9
8,4,0,9
7,4,1,9
6,4,0,9
5,4,0,9
4,4,1,9
3,4,0,9
2,4,1,9
1,4,0,9
9,5,0,9
8,5,0,9
7,5,0,9
6,5,1,9
5,5,1,9
4,5,1,9
3,5,1,9
2,5,0,9
1,5,0,9
9,6,0,9
8,6,0,9
7,6,0,9
6,6,0,9
5,6,0,9
4,6,0,9
3,6,0,9
2,6,0,9
1,6,0,9
9,1,0,0
8,1,0,0
7,1,0,0
6,1,1,0
5,1,1,0
4,1,1,0
3,1,0,0
2,1,0,0
1,1,0,0
9,2,0,0
8,2,0,0
7,2,1,0
6,2,0,0
5,2,0,0
4,2,1,0
3,2,1,0
2,2,0,0
1,2,0,0
9,3,0,0
8,3,0,0
7,3,1,0
6,3,0,0
5,3,1,0
4,3,0,0
3,3,1,0
2,3,0,0
1,3,0,0
9,4,0,0
8,4,0,0
7,4,1,0
6,4,1,0
5,4,0,0
4,4,0,0
3,4,1,0
2,4,0,0
1,4,0,0
9,5,0,0
8,5,0,0
7,5,0,0
6,5,1,0
5,5,1,0
4,5,1,0
3,5,0,0
2,5,0,0
1,5,0,0
9,6,0,0
8,6,0,0
7,6,0,0
6,6,0,0
5,6,0,0
4,6,0,0
3,6,0,0
2,6,0,0
1,6,0,0
9,1,0,\
8,1,0,\
7,1,0,\
6,1,0,\
5,1,0,\
4,1,0,\
3,1,0,\
2,1,0,\
1,1,0,\
9,2,1,\
8,2,1,\
7,2,0,\
6,2,0,\
5,2,0,\
4,2,0,\
3,2,0,\
2,2,0,\
1,2,0,\
9,3,0,\
8,3,0,\
7,3,1,\
6,3,0,\
5,3,0,\
4,3,0,\
3,3,0,\
2,3,0,\
1,3,0,\
9,4,0,\
8,4,0,\
7,4,0,\
6,4,1,\
5,4,1,\
4,4,0,\
3,4,0,\
2,4,0,\
1,4,0,\
9,5,0,\
8,5,0,\
7,5,0,\
6,5,0,\
5,5,0,\
4,5,1,\
3,5,1,\
2,5,0,\
1,5,0,\
9,6,0,\
8,6,0,\
7,6,0,\
6,6,0,\
5,6,0,\
4,6,0,\
3,6,0,\
2,6,0,\
1,6,0,\
9,1,0,]
8,1,0,]
7,1,0,]
6,1,0,]
5,1,0,]
4,1,0,]
3,1,0,]
2,1,0,]
1,1,0,]
9,2,0,]
8,2,0,]
7,2,0,]
6,2,0,]
5,2,0,]
4,2,0,]
3,2,0,]
2,2,0,]
1,2,0,]
9,3,0,]
8,3,0,]
7,3,0,]
6,3,0,]
5,3,0,]
4,3,0,]
3,3,0,]
2,3,0,]
1,3,0,]
9,4,1,]
8,4,0,]
7,4,0,]
6,4,0,]
5,4,0,]
4,4,0,]
3,4,1,]
2,4,0,]
1,4,0,]
9,5,1,]
8,5,1,]
7,5,1,]
6,5,1,]
5,5,1,]
4,5,1,]
3,5,1,]
2,5,0,]
1,5,0,]
9,6,0,]
8,6,0,]
7,6,0,]
6,6,0,]
5,6,0,]
4,6,0,]
3,6,0,]
2,6,0,]
1,6,0,]
9,1,0,^
8,1,0,^
7,1,0,^
6,1,0,^
5,1,0,^
4,1,0,^
3,1,0,^
2,1,0,^
1,1,0,^
9,2,0,^
8,2,1,^
7,2,0,^
6,2,0,^
5,2,0,^
4,2,0,^
3,2,0,^
2,2,0,^
1,2,0,^
9,3,1,^
8,3,0,^
7,3,0,^
6,3,0,^
5,3,0,^
4,3,0,^
3,3,0,^
2,3,0,^
1,3,0,^
9,4,0,^
8,4,1,^
7,4,0,^
6,4,0,^
5,4,0,^
4,4,0,^
3,4,0,^
2,4,0,^
1,4,0,^
9,5,0,^
8,5,0,^
7,5,0,^
6,5,0,^
5,5,0,^
4,5,0,^
3,5,0,^
2,5,0,^
1,5,0,^
9,6,0,^
8,6,0,^
7,6,0,^
6,6,0,^
5,6,0,^
4,6,0,^
3,6,0,^
2,6,0,^
1,6,0,^
9,1,0,_
8,1,0,_
7,1,0,_
6,1,0,_
5,1,0,_
4,1,0,_
3,1,1,_
2,1,0,_
1,1,0,_
9,2,0,_
8,2,0,_
7,2,0,_
6,2,0,_
5,2,0,_
4,2,0,_
3,2,1,_
2,2,0,_
1,2,0,_
9,3,0,_
8,3,0,_
7,3,0,_
6,3,0,_
5,3,0,_
4,3,0,_
3,3,1,_
2,3,0,_
1,3,0,_
9,4,0,_
8,4,0,_
7,4,0,_
6,4,0,_
5,4,0,_
4,4,0,_
3,4,1,_
2,4,0,_
1,4,0,_
9,5,0,_
8,5,0,_
7,5,0,_
6,5,0,_
5,5,0,_
4,5,0,_
3,5,1,_
2,5,0,_
1,5,0,_
9,6,0,_
8,6,0,_
7,6,0,_
6,6,0,_
5,6,0,_
4,6,0,_
3,6,0,_
2,6,0,_
1,6,0,_
9,1,1,`
8,1,0,`
7,1,0,`
6,1,0,`
5,1,0,`
4,1,0,`
3,1,0,`
2,1,0,`
1,1,0,`
9,2,0,`
8,2,1,`
7,2,0,`
6,2,0,`
5,2,0,`
4,2,0,`
3,2,0,`
2,2,0,`
1,2,0,`
9,3,0,`
8,3,0,`
7,3,1,`
6,3,0,`
5,3,0,`
4,3,0,`
3,3,0,`
2,3,0,`
1,3,0,`
9,4,0,`
8,4,0,`
7,4,0,`
6,4,0,`
5,4,0,`
4,4,0,`
3,4,0,`
2,4,0,`
1,4,0,`
9,5,0,`
8,5,0,`
7,5,0,`
6,5,0,`
5,5,0,`
4,5,0,`
3,5,0,`
2,5,0,`
1,5,0,`
9,6,0,`
8,6,0,`
7,6,0,`
6,6,0,`
5,6,0,`
4,6,0,`
3,6,0,`
2,6,0,`
1,6,0,`
9,1,0,!
8,1,0,!
7,1,0,!
6,1,0,!
5,1,0,!
4,1,0,!
3,1,0,!
2,1,0,!
1,1,0,!
9,2,0,!
8,2,0,!
7,2,0,!
6,2,0,!
5,2,0,!
4,2,0,!
3,2,0,!
2,2,0,!
1,2,0,!
9,3,0,!
8,3,0,!
7,3,0,!
6,3,0,!
5,3,0,!
4,3,0,!
3,3,0,!
2,3,0,!
1,3,0,!
9,4,0,!
8,4,0,!
7,4,0,!
6,4,0,!
5,4,0,!
4,4,0,!
3,4,0,!
2,4,0,!
1,4,0,!
9,5,0,!
8,5,0,!
7,5,1,!
6,5,1,!
5,5,1,!
4,5,1,!
3,5,0,!
2,5,1,!
1,5,1,!
9,6,0,!
8,6,0,!
7,6,0,!
6,6,0,!
5,6,0,!
4,6,0,!
3,6,0,!
2,6,0,!
1,6,0,!
9,1,0,""""
8,1,0,""""
7,1,0,""""
6,1,0,""""
5,1,0,""""
4,1,0,""""
3,1,0,""""
2,1,0,""""
1,1,0,""""
9,2,0,""""
8,2,0,""""
7,2,1,""""
6,2,1,""""
5,2,1,""""
4,2,0,""""
3,2,0,""""
2,2,0,""""
1,2,0,""""
9,3,0,""""
8,3,0,""""
7,3,0,""""
6,3,0,""""
5,3,0,""""
4,3,0,""""
3,3,0,""""
2,3,0,""""
1,3,0,""""
9,4,0,""""
8,4,0,""""
7,4,1,""""
6,4,1,""""
5,4,1,""""
4,4,0,""""
3,4,0,""""
2,4,0,""""
1,4,0,""""
9,5,0,""""
8,5,0,""""
7,5,0,""""
6,5,0,""""
5,5,0,""""
4,5,0,""""
3,5,0,""""
2,5,0,""""
1,5,0,""""
9,6,0,""""
8,6,0,""""
7,6,0,""""
6,6,0,""""
5,6,0,""""
4,6,0,""""
3,6,0,""""
2,6,0,""""
1,6,0,""""
9,1,0,#
8,1,0,#
7,1,0,#
6,1,0,#
5,1,1,#
4,1,0,#
3,1,1,#
2,1,0,#
1,1,0,#
9,2,0,#
8,2,0,#
7,2,1,#
6,2,1,#
5,2,1,#
4,2,1,#
3,2,1,#
2,2,1,#
1,2,1,#
9,3,0,#
8,3,0,#
7,3,0,#
6,3,0,#
5,3,1,#
4,3,0,#
3,3,1,#
2,3,0,#
1,3,0,#
9,4,0,#
8,4,0,#
7,4,1,#
6,4,1,#
5,4,1,#
4,4,1,#
3,4,1,#
2,4,1,#
1,4,1,#
9,5,0,#
8,5,0,#
7,5,0,#
6,5,0,#
5,5,1,#
4,5,0,#
3,5,1,#
2,5,0,#
1,5,0,#
9,6,0,#
8,6,0,#
7,6,0,#
6,6,0,#
5,6,0,#
4,6,0,#
3,6,0,#
2,6,0,#
1,6,0,#
9,1,0,$
8,1,0,$
7,1,0,$
6,1,1,$
5,1,0,$
4,1,0,$
3,1,1,$
2,1,0,$
1,1,0,$
9,2,0,$
8,2,0,$
7,2,1,$
6,2,0,$
5,2,1,$
4,2,0,$
3,2,1,$
2,2,0,$
1,2,0,$
9,3,0,$
8,3,1,$
7,3,1,$
6,3,1,$
5,3,1,$
4,3,1,$
3,3,1,$
2,3,1,$
1,3,0,$
9,4,0,$
8,4,0,$
7,4,1,$
6,4,0,$
5,4,1,$
4,4,0,$
3,4,1,$
2,4,0,$
1,4,0,$
9,5,0,$
8,5,0,$
7,5,1,$
6,5,0,$
5,5,0,$
4,5,1,$
3,5,0,$
2,5,0,$
1,5,0,$
9,6,0,$
8,6,0,$
7,6,0,$
6,6,0,$
5,6,0,$
4,6,0,$
3,6,0,$
2,6,0,$
1,6,0,$
9,1,0,%
8,1,0,%
7,1,0,%
6,1,0,%
5,1,0,%
4,1,0,%
3,1,0,%
2,1,0,%
1,1,0,%
9,2,1,%
8,2,1,%
7,2,0,%
6,2,0,%
5,2,0,%
4,2,1,%
3,2,1,%
2,2,0,%
1,2,0,%
9,3,1,%
8,3,1,%
7,3,0,%
6,3,1,%
5,3,1,%
4,3,0,%
3,3,0,%
2,3,0,%
1,3,0,%
9,4,0,%
8,4,0,%
7,4,1,%
6,4,0,%
5,4,0,%
4,4,1,%
3,4,1,%
2,4,0,%
1,4,0,%
9,5,1,%
8,5,1,%
7,5,0,%
6,5,0,%
5,5,0,%
4,5,1,%
3,5,1,%
2,5,0,%
1,5,0,%
9,6,0,%
8,6,0,%
7,6,0,%
6,6,0,%
5,6,0,%
4,6,0,%
3,6,0,%
2,6,0,%
1,6,0,%
9,1,0,&
8,1,1,&
7,1,1,&
6,1,0,&
5,1,1,&
4,1,1,&
3,1,0,&
2,1,0,&
1,1,0,&
9,2,1,&
8,2,0,&
7,2,0,&
6,2,1,&
5,2,0,&
4,2,0,&
3,2,1,&
2,2,0,&
1,2,0,&
9,3,1,&
8,3,0,&
7,3,0,&
6,3,1,&
5,3,0,&
4,3,0,&
3,3,1,&
2,3,0,&
1,3,0,&
9,4,0,&
8,4,0,&
7,4,0,&
6,4,1,&
5,4,1,&
4,4,1,&
3,4,0,&
2,4,0,&
1,4,0,&
9,5,0,&
8,5,0,&
7,5,0,&
6,5,1,&
5,5,0,&
4,5,0,&
3,5,0,&
2,5,0,&
1,5,0,&
9,6,0,&
8,6,0,&
7,6,0,&
6,6,0,&
5,6,0,&
4,6,0,&
3,6,0,&
2,6,0,&
1,6,0,&
9,1,0,'
8,1,0,'
7,1,0,'
6,1,0,'
5,1,0,'
4,1,0,'
3,1,0,'
2,1,0,'
1,1,0,'
9,2,0,'
8,2,0,'
7,2,0,'
6,2,0,'
5,2,0,'
4,2,0,'
3,2,0,'
2,2,0,'
1,2,0,'
9,3,1,'
8,3,1,'
7,3,1,'
6,3,0,'
5,3,0,'
4,3,0,'
3,3,0,'
2,3,0,'
1,3,0,'
9,4,0,'
8,4,0,'
7,4,0,'
6,4,0,'
5,4,0,'
4,4,0,'
3,4,0,'
2,4,0,'
1,4,0,'
9,5,0,'
8,5,0,'
7,5,0,'
6,5,0,'
5,5,0,'
4,5,0,'
3,5,0,'
2,5,0,'
1,5,0,'
9,6,0,'
8,6,0,'
7,6,0,'
6,6,0,'
5,6,0,'
4,6,0,'
3,6,0,'
2,6,0,'
1,6,0,'
9,1,0,)
8,1,0,)
7,1,0,)
6,1,0,)
5,1,0,)
4,1,0,)
3,1,0,)
2,1,0,)
1,1,0,)
9,2,0,)
8,2,0,)
7,2,0,)
6,2,0,)
5,2,0,)
4,2,0,)
3,2,0,)
2,2,0,)
1,2,0,)
9,3,0,)
8,3,0,)
7,3,0,)
6,3,0,)
5,3,0,)
4,3,0,)
3,3,0,)
2,3,0,)
1,3,0,)
9,4,1,)
8,4,0,)
7,4,0,)
6,4,0,)
5,4,0,)
4,4,0,)
3,4,1,)
2,4,0,)
1,4,0,)
9,5,0,)
8,5,1,)
7,5,1,)
6,5,1,)
5,5,1,)
4,5,1,)
3,5,0,)
2,5,0,)
1,5,0,)
9,6,0,)
8,6,0,)
7,6,0,)
6,6,0,)
5,6,0,)
4,6,0,)
3,6,0,)
2,6,0,)
1,6,0,)
9,1,0,(
8,1,0,(
7,1,0,(
6,1,0,(
5,1,0,(
4,1,0,(
3,1,0,(
2,1,0,(
1,1,0,(
9,2,0,(
8,2,0,(
7,2,0,(
6,2,0,(
5,2,0,(
4,2,0,(
3,2,0,(
2,2,0,(
1,2,0,(
9,3,0,(
8,3,0,(
7,3,0,(
6,3,0,(
5,3,0,(
4,3,0,(
3,3,0,(
2,3,0,(
1,3,0,(
9,4,0,(
8,4,1,(
7,4,1,(
6,4,1,(
5,4,1,(
4,4,1,(
3,4,0,(
2,4,0,(
1,4,0,(
9,5,1,(
8,5,0,(
7,5,0,(
6,5,0,(
5,5,0,(
4,5,0,(
3,5,1,(
2,5,0,(
1,5,0,(
9,6,0,(
8,6,0,(
7,6,0,(
6,6,0,(
5,6,0,(
4,6,0,(
3,6,0,(
2,6,0,(
1,6,0,(
9,1,0,*
8,1,0,*
7,1,0,*
6,1,0,*
5,1,0,*
4,1,0,*
3,1,0,*
2,1,0,*
1,1,0,*
9,2,1,*
8,2,0,*
7,2,1,*
6,2,0,*
5,2,0,*
4,2,0,*
3,2,0,*
2,2,0,*
1,2,0,*
9,3,0,*
8,3,1,*
7,3,0,*
6,3,0,*
5,3,0,*
4,3,0,*
3,3,0,*
2,3,0,*
1,3,0,*
9,4,1,*
8,4,0,*
7,4,1,*
6,4,0,*
5,4,0,*
4,4,0,*
3,4,0,*
2,4,0,*
1,4,0,*
9,5,0,*
8,5,0,*
7,5,0,*
6,5,0,*
5,5,0,*
4,5,0,*
3,5,0,*
2,5,0,*
1,5,0,*
9,6,0,*
8,6,0,*
7,6,0,*
6,6,0,*
5,6,0,*
4,6,0,*
3,6,0,*
2,6,0,*
1,6,0,*
9,1,0,+
8,1,0,+
7,1,0,+
6,1,0,+
5,1,1,+
4,1,0,+
3,1,0,+
2,1,0,+
1,1,0,+
9,2,0,+
8,2,0,+
7,2,0,+
6,2,0,+
5,2,1,+
4,2,0,+
3,2,0,+
2,2,0,+
1,2,0,+
9,3,0,+
8,3,0,+
7,3,1,+
6,3,1,+
5,3,1,+
4,3,1,+
3,3,1,+
2,3,0,+
1,3,0,+
9,4,0,+
8,4,0,+
7,4,0,+
6,4,0,+
5,4,1,+
4,4,0,+
3,4,0,+
2,4,0,+
1,4,0,+
9,5,0,+
8,5,0,+
7,5,0,+
6,5,0,+
5,5,1,+
4,5,0,+
3,5,0,+
2,5,0,+
1,5,0,+
9,6,0,+
8,6,0,+
7,6,0,+
6,6,0,+
5,6,0,+
4,6,0,+
3,6,0,+
2,6,0,+
1,6,0,+
9,1,0,","
8,1,0,","
7,1,0,","
6,1,0,","
5,1,0,","
4,1,0,","
3,1,0,","
2,1,0,","
1,1,0,","
9,2,0,","
8,2,0,","
7,2,0,","
6,2,0,","
5,2,0,","
4,2,0,","
3,2,0,","
2,2,0,","
1,2,0,","
9,3,0,","
8,3,0,","
7,3,0,","
6,3,0,","
5,3,0,","
4,3,0,","
3,3,0,","
2,3,1,","
1,3,0,","
9,4,0,","
8,4,0,","
7,4,0,","
6,4,0,","
5,4,0,","
4,4,1,","
3,4,1,","
2,4,0,","
1,4,0,","
9,5,0,","
8,5,0,","
7,5,0,","
6,5,0,","
5,5,0,","
4,5,0,","
3,5,0,","
2,5,0,","
1,5,0,","
9,6,0,","
8,6,0,","
7,6,0,","
6,6,0,","
5,6,0,","
4,6,0,","
3,6,0,","
2,6,0,","
1,6,0,","
9,1,0,.
8,1,0,.
7,1,0,.
6,1,0,.
5,1,0,.
4,1,0,.
3,1,0,.
2,1,0,.
1,1,0,.
9,2,0,.
8,2,0,.
7,2,0,.
6,2,0,.
5,2,0,.
4,2,0,.
3,2,0,.
2,2,0,.
1,2,0,.
9,3,0,.
8,3,0,.
7,3,0,.
6,3,0,.
5,3,0,.
4,3,0,.
3,3,0,.
2,3,0,.
1,3,0,.
9,4,0,.
8,4,0,.
7,4,0,.
6,4,0,.
5,4,0,.
4,4,1,.
3,4,1,.
2,4,0,.
1,4,0,.
9,5,0,.
8,5,0,.
7,5,0,.
6,5,0,.
5,5,0,.
4,5,0,.
3,5,0,.
2,5,0,.
1,5,0,.
9,6,0,.
8,6,0,.
7,6,0,.
6,6,0,.
5,6,0,.
4,6,0,.
3,6,0,.
2,6,0,.
1,6,0,.
9,1,0,/
8,1,0,/
7,1,0,/
6,1,0,/
5,1,0,/
4,1,0,/
3,1,0,/
2,1,0,/
1,1,0,/
9,2,0,/
8,2,0,/
7,2,0,/
6,2,0,/
5,2,0,/
4,2,1,/
3,2,1,/
2,2,0,/
1,2,0,/
9,3,0,/
8,3,0,/
7,3,0,/
6,3,1,/
5,3,1,/
4,3,0,/
3,3,0,/
2,3,0,/
1,3,0,/
9,4,0,/
8,4,0,/
7,4,1,/
6,4,0,/
5,4,0,/
4,4,0,/
3,4,0,/
2,4,0,/
1,4,0,/
9,5,1,/
8,5,1,/
7,5,0,/
6,5,0,/
5,5,0,/
4,5,0,/
3,5,0,/
2,5,0,/
1,5,0,/
9,6,0,/
8,6,0,/
7,6,0,/
6,6,0,/
5,6,0,/
4,6,0,/
3,6,0,/
2,6,0,/
1,6,0,/
9,1,0,:
8,1,0,:
7,1,0,:
6,1,0,:
5,1,0,:
4,1,0,:
3,1,0,:
2,1,0,:
1,1,0,:
9,2,0,:
8,2,0,:
7,2,0,:
6,2,0,:
5,2,0,:
4,2,0,:
3,2,0,:
2,2,0,:
1,2,0,:
9,3,0,:
8,3,0,:
7,3,0,:
6,3,0,:
5,3,0,:
4,3,0,:
3,3,0,:
2,3,0,:
1,3,0,:
9,4,0,:
8,4,0,:
7,4,0,:
6,4,0,:
5,4,0,:
4,4,0,:
3,4,0,:
2,4,0,:
1,4,0,:
9,5,0,:
8,5,0,:
7,5,1,:
6,5,1,:
5,5,0,:
4,5,1,:
3,5,1,:
2,5,0,:
1,5,0,:
9,6,0,:
8,6,0,:
7,6,0,:
6,6,0,:
5,6,0,:
4,6,0,:
3,6,0,:
2,6,0,:
1,6,0,:
9,1,0,;
8,1,0,;
7,1,0,;
6,1,0,;
5,1,0,;
4,1,0,;
3,1,0,;
2,1,0,;
1,1,0,;
9,2,0,;
8,2,0,;
7,2,0,;
6,2,0,;
5,2,0,;
4,2,0,;
3,2,0,;
2,2,0,;
1,2,0,;
9,3,0,;
8,3,0,;
7,3,0,;
6,3,0,;
5,3,0,;
4,3,0,;
3,3,0,;
2,3,0,;
1,3,0,;
9,4,0,;
8,4,0,;
7,4,0,;
6,4,0,;
5,4,0,;
4,4,0,;
3,4,0,;
2,4,1,;
1,4,0,;
9,5,0,;
8,5,0,;
7,5,1,;
6,5,1,;
5,5,0,;
4,5,1,;
3,5,1,;
2,5,0,;
1,5,0,;
9,6,0,;
8,6,0,;
7,6,0,;
6,6,0,;
5,6,0,;
4,6,0,;
3,6,0,;
2,6,0,;
1,6,0,;
9,1,0,<
8,1,0,<
7,1,0,<
6,1,0,<
5,1,0,<
4,1,0,<
3,1,0,<
2,1,0,<
1,1,0,<
9,2,0,<
8,2,0,<
7,2,0,<
6,2,0,<
5,2,0,<
4,2,0,<
3,2,0,<
2,2,0,<
1,2,0,<
9,3,0,<
8,3,0,<
7,3,0,<
6,3,0,<
5,3,1,<
4,3,0,<
3,3,0,<
2,3,0,<
1,3,0,<
9,4,0,<
8,4,0,<
7,4,0,<
6,4,1,<
5,4,0,<
4,4,1,<
3,4,0,<
2,4,0,<
1,4,0,<
9,5,0,<
8,5,0,<
7,5,1,<
6,5,0,<
5,5,0,<
4,5,0,<
3,5,1,<
2,5,0,<
1,5,0,<
9,6,0,<
8,6,0,<
7,6,0,<
6,6,0,<
5,6,0,<
4,6,0,<
3,6,0,<
2,6,0,<
1,6,0,<
9,1,0,>
8,1,0,>
7,1,0,>
6,1,0,>
5,1,0,>
4,1,0,>
3,1,0,>
2,1,0,>
1,1,0,>
9,2,0,>
8,2,0,>
7,2,0,>
6,2,0,>
5,2,0,>
4,2,0,>
3,2,0,>
2,2,0,>
1,2,0,>
9,3,0,>
8,3,0,>
7,3,1,>
6,3,0,>
5,3,0,>
4,3,0,>
3,3,1,>
2,3,0,>
1,3,0,>
9,4,0,>
8,4,0,>
7,4,0,>
6,4,1,>
5,4,0,>
4,4,1,>
3,4,0,>
2,4,0,>
1,4,0,>
9,5,0,>
8,5,0,>
7,5,0,>
6,5,0,>
5,5,1,>
4,5,0,>
3,5,0,>
2,5,0,>
1,5,0,>
9,6,0,>
8,6,0,>
7,6,0,>
6,6,0,>
5,6,0,>
4,6,0,>
3,6,0,>
2,6,0,>
1,6,0,>
9,1,0,=
8,1,0,=
7,1,0,=
6,1,1,=
5,1,0,=
4,1,1,=
3,1,0,=
2,1,0,=
1,1,0,=
9,2,0,=
8,2,0,=
7,2,0,=
6,2,1,=
5,2,0,=
4,2,1,=
3,2,0,=
2,2,0,=
1,2,0,=
9,3,0,=
8,3,0,=
7,3,0,=
6,3,1,=
5,3,0,=
4,3,1,=
3,3,0,=
2,3,0,=
1,3,0,=
9,4,0,=
8,4,0,=
7,4,0,=
6,4,1,=
5,4,0,=
4,4,1,=
3,4,0,=
2,4,0,=
1,4,0,=
9,5,0,=
8,5,0,=
7,5,0,=
6,5,1,=
5,5,0,=
4,5,1,=
3,5,0,=
2,5,0,=
1,5,0,=
9,6,0,=
8,6,0,=
7,6,0,=
6,6,0,=
5,6,0,=
4,6,0,=
3,6,0,=
2,6,0,=
1,6,0,=
9,1,0,?
8,1,1,?
7,1,0,?
6,1,0,?
5,1,0,?
4,1,0,?
3,1,0,?
2,1,0,?
1,1,0,?
9,2,1,?
8,2,0,?
7,2,0,?
6,2,0,?
5,2,0,?
4,2,0,?
3,2,0,?
2,2,0,?
1,2,0,?
9,3,1,?
8,3,0,?
7,3,0,?
6,3,1,?
5,3,0,?
4,3,1,?
3,3,1,?
2,3,0,?
1,3,0,?
9,4,1,?
8,4,0,?
7,4,0,?
6,4,1,?
5,4,0,?
4,4,0,?
3,4,0,?
2,4,0,?
1,4,0,?
9,5,0,?
8,5,1,?
7,5,1,?
6,5,0,?
5,5,0,?
4,5,0,?
3,5,0,?
2,5,0,?
1,5,0,?
9,6,0,?
8,6,0,?
7,6,0,?
6,6,0,?
5,6,0,?
4,6,0,?
3,6,0,?
2,6,0,?
1,6,0,?
9,1,0,@
8,1,1,@
7,1,1,@
6,1,1,@
5,1,1,@
4,1,1,@
3,1,0,@
2,1,0,@
1,1,0,@
9,2,1,@
8,2,0,@
7,2,0,@
6,2,1,@
5,2,1,@
4,2,0,@
3,2,1,@
2,2,0,@
1,2,0,@
9,3,1,@
8,3,0,@
7,3,1,@
6,3,0,@
5,3,1,@
4,3,0,@
3,3,1,@
2,3,0,@
1,3,0,@
9,4,1,@
8,4,0,@
7,4,1,@
6,4,1,@
5,4,1,@
4,4,0,@
3,4,1,@
2,4,0,@
1,4,0,@
9,5,0,@
8,5,1,@
7,5,1,@
6,5,1,@
5,5,1,@
4,5,0,@
3,5,1,@
2,5,0,@
1,5,0,@
9,6,0,@
8,6,0,@
7,6,0,@
6,6,0,@
5,6,0,@
4,6,0,@
3,6,0,@
2,6,0,@
1,6,0,@
9,1,0,{
8,1,0,{
7,1,0,{
6,1,0,{
5,1,0,{
4,1,0,{
3,1,0,{
2,1,0,{
1,1,0,{
9,2,0,{
8,2,0,{
7,2,0,{
6,2,0,{
5,2,0,{
4,2,0,{
3,2,0,{
2,2,0,{
1,2,0,{
9,3,0,{
8,3,0,{
7,3,0,{
6,3,1,{
5,3,0,{
4,3,0,{
3,3,0,{
2,3,0,{
1,3,0,{
9,4,0,{
8,4,1,{
7,4,1,{
6,4,0,{
5,4,1,{
4,4,1,{
3,4,0,{
2,4,0,{
1,4,0,{
9,5,1,{
8,5,0,{
7,5,0,{
6,5,0,{
5,5,0,{
4,5,0,{
3,5,1,{
2,5,0,{
1,5,0,{
9,6,0,{
8,6,0,{
7,6,0,{
6,6,0,{
5,6,0,{
4,6,0,{
3,6,0,{
2,6,0,{
1,6,0,{
9,1,0,}
8,1,0,}
7,1,0,}
6,1,0,}
5,1,0,}
4,1,0,}
3,1,0,}
2,1,0,}
1,1,0,}
9,2,0,}
8,2,0,}
7,2,0,}
6,2,0,}
5,2,0,}
4,2,0,}
3,2,0,}
2,2,0,}
1,2,0,}
9,3,1,}
8,3,0,}
7,3,0,}
6,3,0,}
5,3,0,}
4,3,0,}
3,3,1,}
2,3,0,}
1,3,0,}
9,4,0,}
8,4,1,}
7,4,1,}
6,4,0,}
5,4,1,}
4,4,1,}
3,4,0,}
2,4,0,}
1,4,0,}
9,5,0,}
8,5,0,}
7,5,0,}
6,5,1,}
5,5,0,}
4,5,0,}
3,5,0,}
2,5,0,}
1,5,0,}
9,6,0,}
8,6,0,}
7,6,0,}
6,6,0,}
5,6,0,}
4,6,0,}
3,6,0,}
2,6,0,}
1,6,0,}
9,1,0,|
8,1,0,|
7,1,0,|
6,1,0,|
5,1,0,|
4,1,0,|
3,1,0,|
2,1,0,|
1,1,0,|
9,2,0,|
8,2,0,|
7,2,0,|
6,2,0,|
5,2,0,|
4,2,0,|
3,2,0,|
2,2,0,|
1,2,0,|
9,3,1,|
8,3,1,|
7,3,1,|
6,3,1,|
5,3,1,|
4,3,1,|
3,3,1,|
2,3,0,|
1,3,0,|
9,4,0,|
8,4,0,|
7,4,0,|
6,4,0,|
5,4,0,|
4,4,0,|
3,4,0,|
2,4,0,|
1,4,0,|
9,5,0,|
8,5,0,|
7,5,0,|
6,5,0,|
5,5,0,|
4,5,0,|
3,5,0,|
2,5,0,|
1,5,0,|
9,6,0,|
8,6,0,|
7,6,0,|
6,6,0,|
5,6,0,|
4,6,0,|
3,6,0,|
2,6,0,|
1,6,0,|
9,1,0,-
8,1,0,-
7,1,0,-
6,1,0,-
5,1,0,-
4,1,0,-
3,1,0,-
2,1,0,-
1,1,0,-
9,2,0,-
8,2,0,-
7,2,0,-
6,2,0,-
5,2,1,-
4,2,0,-
3,2,0,-
2,2,0,-
1,2,0,-
9,3,0,-
8,3,0,-
7,3,0,-
6,3,0,-
5,3,1,-
4,3,0,-
3,3,0,-
2,3,0,-
1,3,0,-
9,4,0,-
8,4,0,-
7,4,0,-
6,4,0,-
5,4,1,-
4,4,0,-
3,4,0,-
2,4,0,-
1,4,0,-
9,5,0,-
8,5,0,-
7,5,0,-
6,5,0,-
5,5,0,-
4,5,0,-
3,5,0,-
2,5,0,-
1,5,0,-
9,6,0,-
8,6,0,-
7,6,0,-
6,6,0,-
5,6,0,-
4,6,0,-
3,6,0,-
2,6,0,-
1,6,0,-
